Momentum,Value,Both
0.9035335994513362,0.928462152779876,0.9926328861027406
